{
    "model_config": {
        "best_iteration": 49,
        "best_score": 1.4600715351482723,
        "feature_names": [
            "DayOfYear",
            "Month",
            "Year",
            "Variety",
            "City",
            "Package",
            "DayMonth_interact",
            "Price_lag7",
            "Price_rolling_mean7"
        ]
    },
    "evaluation_metrics": {
        "RMSE": 19.260001413265485,
        "R2": 0.9471541057518024,
        "MAPE": 146.00715451921954
    },
    "feature_importance": {
        "DayOfYear": 4867.36181640625,
        "Month": 3585.187744140625,
        "Year": 5917.7099609375,
        "Variety": 9613.224609375,
        "City": 10474.6533203125,
        "Package": 58029.7265625,
        "DayMonth_interact": 4732.84619140625,
        "Price_lag7": 9064.6640625,
        "Price_rolling_mean7": 74191.0078125
    }
}